{
  "fileAssociations": {
    "*.mega": {
      "language": "omega",
      "icon": {
        "path": "r:/OMEGA/temp-logo.svg",
        "type": "svg"
      },
      "description": "OMEGA Blockchain Source File",
      "mimeType": "text/x-omega",
      "category": "source"
    }
  },
  "languageConfiguration": {
    "omega": {
      "displayName": "OMEGA",
      "extensions": [".mega"],
      "icon": {
        "light": "r:/OMEGA/temp-logo.svg",
        "dark": "r:/OMEGA/temp-logo.svg"
      },
      "syntaxHighlighting": {
        "enabled": true,
        "theme": "omega-dark"
      }
    }
  },
  "iconTheme": {
    "name": "omega-icons",
    "version": "1.0.0",
    "icons": {
      "mega-file": {
        "iconPath": "r:/OMEGA/temp-logo.svg",
        "fileExtensions": ["mega"],
        "fileNames": []
      }
    }
  }
}