{
  "recommendations": [
    {
      "priority": "HIGH",
      "recommendation": "Address security vulnerabilities by updating affected dependencies",
      "category": "dependencies"
    },
    {
      "priority": "HIGH",
      "recommendation": "Review license compatibility for unknown dependencies",
      "category": "dependencies"
    },
    {
      "priority": "HIGH",
      "recommendation": "Create missing critical documentation files",
      "category": "documentation"
    },
    {
      "priority": "HIGH",
      "recommendation": "Add comprehensive documentation for better user experience",
      "category": "documentation"
    },
    {
      "priority": "HIGH",
      "recommendation": "Add more inline documentation comments to code",
      "category": "documentation"
    },
    {
      "priority": "HIGH",
      "recommendation": "Improve code quality through refactoring and better practices",
      "category": "code_quality"
    },
    {
      "priority": "HIGH",
      "recommendation": "Update dependencies and resolve security vulnerabilities",
      "category": "dependencies"
    },
    {
      "priority": "MEDIUM",
      "recommendation": "Create comprehensive documentation including README and LICENSE",
      "category": "documentation"
    }
  ],
  "project_root": "R:\\OMEGA",
  "deployment_decision": {
    "reason": "Critical issues found: documentation (Score: 24)",
    "recommendation": "DO NOT DEPLOY - Address critical issues first",
    "approved": false
  },
  "audit_results": {
    "code_quality": {
      "issues_found": 6,
      "grade": "F",
      "project_root": "R:\\OMEGA",
      "files_analyzed": 7,
      "summary": "Code Quality Audit Summary:\n- Files Analyzed: 7\n- Total Lines of Code: \n- Total Functions: \n- Issues Found: 6 (High: 0, Medium: 6, Low: 0)\n- Overall Score: 52/100 (F)\n- Deployment Approved: NO",
      "overall_score": 52,
      "deployment_approved": false,
      "timestamp": "2025-10-30 18:37:02"
    },
    "dependencies": {
      "timestamp": "2025-10-30 18:42:43",
      "overall_score": 0,
      "security_issues": {
        "severity": "medium",
        "dependency": "serde",
        "issue": "Potential deserialization vulnerability in older versions",
        "recommendation": "Update to latest version",
        "version": "{ version = \"1.0\", features = [\"derive\"], optional = true }"
      },
      "outdated_dependencies": [
        {
          "dependency": "serde",
          "recommendation": "Update to latest version",
          "latest_version": "1.0.193",
          "current_version": "{ version = \"1.0\", features = [\"derive\"], optional = true }"
        },
        {
          "dependency": "toml",
          "recommendation": "Update to latest version",
          "latest_version": "0.8.8",
          "current_version": "{ version = \"0.8\", optional = true }"
        }
      ],
      "grade": "F",
      "project_root": "R:\\OMEGA",
      "recommendations": [
        "Address security vulnerabilities by updating affected dependencies",
        "Review license compatibility for unknown dependencies"
      ],
      "cargo_toml_found": true,
      "dev_dependencies_found": [
        {
          "name": "mega-test",
          "version": "1.0.0"
        }
      ],
      "dependencies_found": [
        {
          "name": "mega-runtime",
          "version": "{ version = \"1.0.0\", optional = true }"
        },
        {
          "name": "mega-std",
          "version": "{ version = \"1.0.0\", optional = true }"
        },
        {
          "name": "libc",
          "version": "0.2"
        },
        {
          "name": "serde",
          "version": "{ version = \"1.0\", features = [\"derive\"], optional = true }"
        },
        {
          "name": "toml",
          "version": "{ version = \"0.8\", optional = true }"
        }
      ],
      "deployment_approved": false,
      "license_issues": [
        {
          "severity": "low",
          "dependency": "mega-runtime",
          "issue": "License information not available",
          "recommendation": "Verify license compatibility manually",
          "version": "{ version = \"1.0.0\", optional = true }"
        },
        {
          "severity": "low",
          "dependency": "mega-std",
          "issue": "License information not available",
          "recommendation": "Verify license compatibility manually",
          "version": "{ version = \"1.0.0\", optional = true }"
        },
        {
          "severity": "low",
          "dependency": "libc",
          "issue": "License information not available",
          "recommendation": "Verify license compatibility manually",
          "version": "0.2"
        },
        {
          "severity": "low",
          "dependency": "mega-test",
          "issue": "License information not available",
          "recommendation": "Verify license compatibility manually",
          "version": "1.0.0"
        }
      ]
    },
    "documentation": {
      "overall_score": 24.0,
      "code_documentation": null,
      "deployment_approved": false,
      "timestamp": "2025-10-30 18:44:06",
      "documentation_quality": [
        {
          "character_count": 11557,
          "has_title": true,
          "section_count": 1,
          "line_count": 445,
          "quality_score": 70,
          "has_examples": true,
          "has_toc": true,
          "path": "LANGUAGE_SPECIFICATION.md",
          "code_block_count": 15.5,
          "word_count": 1235,
          "has_links": false,
          "name": "LANGUAGE_SPECIFICATION.md"
        },
        {
          "character_count": 13889,
          "has_title": true,
          "section_count": 1,
          "line_count": 562,
          "quality_score": 85,
          "has_examples": true,
          "has_toc": true,
          "path": "docs/getting-started.md",
          "code_block_count": 21.5,
          "word_count": 1628,
          "has_links": true,
          "name": "docs/getting-started.md"
        },
        {
          "character_count": 17354,
          "has_title": true,
          "section_count": 1,
          "line_count": 672,
          "quality_score": 70,
          "has_examples": true,
          "has_toc": false,
          "path": "COMPILER_ARCHITECTURE.md",
          "code_block_count": 13.5,
          "word_count": 1608,
          "has_links": false,
          "name": "COMPILER_ARCHITECTURE.md"
        }
      ],
      "grade": "F",
      "project_root": "R:\\OMEGA",
      "missing_documentation": [
        {
          "name": "CONTRIBUTING.md",
          "critical": false,
          "exists": false,
          "description": "Contribution guidelines",
          "path": "CONTRIBUTING.md"
        },
        {
          "name": "README.md",
          "critical": true,
          "exists": false,
          "description": "Main project documentation",
          "path": "README.md"
        },
        {
          "name": "LICENSE",
          "critical": true,
          "exists": false,
          "description": "Project license",
          "path": "LICENSE"
        },
        {
          "name": "docs/examples/",
          "critical": false,
          "exists": false,
          "description": "Code examples directory",
          "path": "docs/examples"
        }
      ],
      "recommendations": [
        "Create missing critical documentation files",
        "Add comprehensive documentation for better user experience",
        "Add more inline documentation comments to code"
      ],
      "documentation_files": [
        {
          "path": "LANGUAGE_SPECIFICATION.md",
          "name": "LANGUAGE_SPECIFICATION.md",
          "exists": true,
          "size": 11557,
          "last_modified": "2025-10-30T04:46:55.3861538+07:00",
          "description": "OMEGA language specification",
          "critical": true
        },
        {
          "path": "docs/getting-started.md",
          "name": "docs/getting-started.md",
          "exists": true,
          "size": 14003,
          "last_modified": "2025-10-30T18:07:32.9649103+07:00",
          "description": "Getting started guide",
          "critical": false
        },
        {
          "path": "COMPILER_ARCHITECTURE.md",
          "name": "COMPILER_ARCHITECTURE.md",
          "exists": true,
          "size": 17826,
          "last_modified": "2025-10-30T18:07:24.9632937+07:00",
          "description": "Compiler architecture documentation",
          "critical": true
        }
      ]
    }
  },
  "timestamp": "2025-10-30 18:46:57",
  "overall_assessment": {
    "critical_issues": [
      "documentation (Score: 24)"
    ],
    "critical_issues_count": 1,
    "audits_completed": 3,
    "overall_grade": "F",
    "overall_score": 38.0
  }
}
