{
  "name": "OMEGA Project Configuration",
  "version": "1.0.0",
  "fileTypes": {
    ".mega": {
      "language": "omega",
      "displayName": "OMEGA Source File",
      "icon": {
        "path": "r:/OMEGA/temp-logo.svg",
        "size": "16x16"
      },
      "syntax": "omega",
      "category": "source-code"
    }
  },
  "languages": {
    "omega": {
      "name": "OMEGA",
      "extensions": [".mega"],
      "icon": "r:/OMEGA/temp-logo.svg",
      "description": "OMEGA Universal Blockchain Programming Language"
    }
  },
  "icons": {
    "fileIcons": {
      "mega": {
        "iconPath": "r:/OMEGA/temp-logo.svg",
        "extensions": [".mega"]
      }
    }
  },
  "editor": {
    "fileAssociations": {
      "*.mega": "omega"
    }
  }
}